{
  "referee": {
    "prtreid_only": 725,
    "dbscan_only": 656,
    "both_correct": 2465,
    "both_wrong": 462,
    "prtreid_accuracy": 74.04828226555246,
    "dbscan_accuracy": 72.44661095636026,
    "total_detections": 4308,
    "agreement_rate": 67.94336118848653
  },
  "player": {
    "prtreid_only": 628,
    "dbscan_only": 330,
    "both_correct": 43796,
    "both_wrong": 30,
    "prtreid_accuracy": 99.19614147909968,
    "dbscan_accuracy": 98.53072525902108,
    "total_detections": 44784,
    "agreement_rate": 97.86084315827081
  },
  "goalkeeper": {
    "prtreid_only": 726,
    "dbscan_only": 216,
    "both_correct": 304,
    "both_wrong": 594,
    "prtreid_accuracy": 55.97826086956522,
    "dbscan_accuracy": 28.26086956521739,
    "total_detections": 1840,
    "agreement_rate": 48.80434782608696
  }
}