{
  "prtreid": {
    "goalkeeper": {
      "tp": 1069,
      "fp": 256,
      "fn": 877,
      "tn": 50690,
      "accuracy": 0.978578991151781,
      "precision": 0.8067924528301886,
      "recall": 0.5493319630010277,
      "f1": 0.6536227453378171
    },
    "player": {
      "tp": 46093,
      "fp": 746,
      "fn": 361,
      "tn": 5692,
      "accuracy": 0.9790705588746881,
      "precision": 0.9840731014752664,
      "recall": 0.9922288715718776,
      "f1": 0.9881341579754108
    },
    "referee": {
      "tp": 3301,
      "fp": 126,
      "fn": 1191,
      "tn": 48274,
      "accuracy": 0.9751002041896695,
      "precision": 0.963233148526408,
      "recall": 0.7348619768477292,
      "f1": 0.8336911226164919
    }
  },
  "dbscan_lab": {
    "goalkeeper": {
      "tp": 562,
      "fp": 501,
      "fn": 1384,
      "tn": 50445,
      "accuracy": 0.9643613400892385,
      "precision": 0.528692380056444,
      "recall": 0.28879753340184994,
      "f1": 0.3735460285809239
    },
    "player": {
      "tp": 45773,
      "fp": 2574,
      "fn": 681,
      "tn": 3864,
      "accuracy": 0.9384595023822128,
      "precision": 0.946759881688626,
      "recall": 0.9853403366771429,
      "f1": 0.9656649191464225
    },
    "referee": {
      "tp": 3180,
      "fp": 302,
      "fn": 1312,
      "tn": 48098,
      "accuracy": 0.9694849882780004,
      "precision": 0.913268236645606,
      "recall": 0.7079252003561888,
      "f1": 0.797592174567344
    }
  },
  "dbscan_rgb": {
    "goalkeeper": {
      "tp": 285,
      "fp": 342,
      "fn": 1661,
      "tn": 50604,
      "accuracy": 0.9621303788852756,
      "precision": 0.45454545454545453,
      "recall": 0.14645426515930113,
      "f1": 0.22153128643606687
    },
    "player": {
      "tp": 46047,
      "fp": 4118,
      "fn": 407,
      "tn": 2320,
      "accuracy": 0.9144483097632913,
      "precision": 0.9179108940496362,
      "recall": 0.9912386446807595,
      "f1": 0.9531665614423666
    },
    "referee": {
      "tp": 1951,
      "fp": 149,
      "fn": 2541,
      "tn": 48251,
      "accuracy": 0.9491416471300007,
      "precision": 0.929047619047619,
      "recall": 0.4343276936776492,
      "f1": 0.5919296116504855
    }
  },
  "dbscan_hsv": {
    "goalkeeper": {
      "tp": 154,
      "fp": 835,
      "fn": 1792,
      "tn": 50111,
      "accuracy": 0.9503327535355063,
      "precision": 0.1557128412537917,
      "recall": 0.07913669064748201,
      "f1": 0.1049403747870528
    },
    "player": {
      "tp": 45218,
      "fp": 5297,
      "fn": 1236,
      "tn": 1141,
      "accuracy": 0.8764841563941617,
      "precision": 0.8951400574086905,
      "recall": 0.9733930339690877,
      "f1": 0.9326279532634141
    },
    "referee": {
      "tp": 821,
      "fp": 567,
      "fn": 3671,
      "tn": 47833,
      "accuracy": 0.9198744611661499,
      "precision": 0.5914985590778098,
      "recall": 0.1827693677649154,
      "f1": 0.2792517006802721
    }
  }
}